"ID","Name","RuntimeHost","FinalInterpreter","FullTool","VSCodeRuntime","VarCount","Parity","TestEvidence"
"0","OK/no-op","VAR","VAR","VAR","VAR","4/4","FULL",""
"1","CLS","VAR","VAR","VAR","VAR","4/4","FULL","tests/test07_macro.uxm; tests/test12_signed_mode.uxm; tests/test16_data_digit.uxm; tests/test17_endian_word_split.uxm; tests/test25_data_sort_ascending.uxm"
"2","LOCATE 1,1","VAR","VAR","VAR","VAR","4/4","FULL","tests/test05_meta_add.uxm; tests/test09_div_mod.uxm; tests/test12_signed_mode.uxm; tests/test13_status_div_zero.uxm; tests/test30_word_mode_add.uxm"
"3","RANDOM BYTE","VAR","YOK","VAR","VAR","3/4","PARTIAL",""
"4","TIMER","VAR","VAR","VAR","VAR","4/4","FULL","tests/test01_print_A.uxm; tests/test10_sin_scaled.uxm; tests/test11_hypotenuse.uxm"
"5","NEWLINE","VAR","VAR","VAR","VAR","4/4","FULL","tests/test08_newline.uxm; tests/test09_div_mod.uxm; tests/test21_fifo_count_peek.uxm"
"6","PRINT META INFO","VAR","VAR","VAR","VAR","4/4","FULL","tests/test01_print_A.uxm; tests/test05_meta_add.uxm; tests/test06_dynamic_meta_mul.uxm; tests/test09_div_mod.uxm; tests/test10_sin_scaled.uxm; tests/test44_meta_version_info.uxm"
"7","VERSION MAJOR","VAR","VAR","VAR","VAR","4/4","FULL","tests/test44_meta_version_info.uxm"
"8","VERSION MINOR","VAR","VAR","VAR","VAR","4/4","FULL","tests/test18_pointer_service.uxm; tests/test32_wild_layout_change.uxm; tests/test44_meta_version_info.uxm"
"9","STATUS READ","VAR","VAR","VAR","VAR","4/4","FULL","tests/test20_fifo_char_order.uxm; tests/test21_fifo_count_peek.uxm; tests/test22_data_write_read_char.uxm; tests/test23_data_digit_ascii_to_number.uxm; tests/test24_data_block_copy_print.uxm"
"10","STATUS CLEAR","VAR","VAR","VAR","VAR","4/4","FULL","tests/test25_data_sort_ascending.uxm; tests/test26_tape_sort_descending_chars.uxm; tests/test27_tape_linear_search.uxm"
"11","STATUS SET","VAR","VAR","VAR","VAR","4/4","FULL",""
"12","STATUS PRINT","VAR","VAR","VAR","VAR","4/4","FULL","tests/test07_macro.uxm; tests/test12_signed_mode.uxm; tests/test29_nested_macro_call.uxm; tests/test31_safe_mode_wild_denied.uxm; tests/test32_wild_layout_change.uxm"
"13","ERR FLAG SET","VAR","VAR","VAR","VAR","4/4","FULL","tests/test42_error_flag_set_reset.uxm; tests/test43_error_macro_helpers.uxm"
"14","ERR FLAG RESET","VAR","VAR","VAR","VAR","4/4","FULL","tests/test42_error_flag_set_reset.uxm; tests/test43_error_macro_helpers.uxm"
"15","ERR FLAG READ","VAR","VAR","VAR","VAR","4/4","FULL","tests/test42_error_flag_set_reset.uxm; tests/test43_error_macro_helpers.uxm"
"16","Reserved/User/Planned","YOK","YOK","YOK","YOK","0/4","NONE","tests_matrix/test_matrix01_init_set_print.uxm; tests_matrix/test_matrix02_add_2x2.uxm; tests_matrix/test_matrix03_mul_2x2.uxm; tests_matrix/test_matrix04_identity_trace_det2.uxm; tests_matrix/_tmp_det_debug.uxm"
"17","Reserved/User/Planned","YOK","YOK","YOK","YOK","0/4","NONE","tests_matrix/test_matrix03_mul_2x2.uxm; tests_matrix/test_matrix04_identity_trace_det2.uxm; tests_matrix/_tmp_det_debug.uxm"
"18","Reserved/User/Planned","YOK","YOK","YOK","YOK","0/4","NONE","tests/test16_data_digit.uxm"
"19","Reserved/User/Planned","YOK","YOK","YOK","YOK","0/4","NONE",""
"20","ADD","VAR","VAR","VAR","VAR","4/4","FULL","tests/test05_meta_add.uxm; tests/test12_signed_mode.uxm; tests/test30_word_mode_add.uxm; tests/test40_4bit_cpu_alu_model.uxm; tests/test41_4_neuron_nn_model.uxm"
"21","SUB","VAR","VAR","VAR","VAR","4/4","FULL","tests_fp/test_fp01_add_int.uxm; tests_fp/test_fp02_sub_int.uxm; tests_fp/test_fp03_mul_int.uxm; tests_fp/test_fp04_div_int.uxm; tests_fp/test_fp06_add_dec_string.uxm"
"22","MUL","VAR","VAR","VAR","VAR","4/4","FULL","tests_fp/test_fp01_add_int.uxm; tests_fp/test_fp02_sub_int.uxm; tests_fp/test_fp03_mul_int.uxm; tests_fp/test_fp04_div_int.uxm; tests_fp/test_fp05_from_string.uxm"
"23","DIV","VAR","VAR","VAR","VAR","4/4","FULL","tests/test09_div_mod.uxm; tests/test13_status_div_zero.uxm"
"24","MOD","VAR","VAR","VAR","VAR","4/4","FULL","tests/test09_div_mod.uxm; math_extensions/tests_math/test_math01_poly_deriv_arge.uxm; math_extensions/tests_math/test_math02_poly_integral_arge.uxm; math_extensions/tests_math/test_math03_poly_eval_arge.uxm"
"25","MIN","VAR","VAR","VAR","VAR","4/4","FULL","math_extensions/tests_math/test_math04_expr_rpn_eval.uxm; math_extensions/tests_math/test_math05_num_deriv.uxm; math_extensions/tests_math/test_math06_integral_trap.uxm; math_extensions/tests_math/test_math07_integral_simpson.uxm"
"26","MAX","VAR","VAR","VAR","VAR","4/4","FULL",""
"27","ABS","VAR","VAR","VAR","VAR","4/4","FULL",""
"28","NEG","VAR","VAR","VAR","VAR","4/4","FULL",""
"29","CMP","VAR","VAR","VAR","VAR","4/4","FULL",""
"30","RND_RANGE","VAR","VAR","VAR","VAR","4/4","FULL",""
"31","RND_SEED","VAR","VAR","VAR","VAR","4/4","FULL",""
"32","RND_FLOAT01","VAR","VAR","VAR","VAR","4/4","FULL",""
"33","DIV_UNSIGNED","VAR","VAR","VAR","VAR","4/4","FULL",""
"34","DIV_SIGNED","VAR","VAR","VAR","VAR","4/4","FULL",""
"35","MOD_UNSIGNED","VAR","VAR","VAR","VAR","4/4","FULL",""
"36","MOD_SIGNED","VAR","VAR","VAR","VAR","4/4","FULL",""
"37","Reserved/User/Planned","YOK","YOK","YOK","YOK","0/4","NONE",""
"38","Reserved/User/Planned","YOK","YOK","YOK","YOK","0/4","NONE",""
"39","Reserved/User/Planned","YOK","YOK","YOK","YOK","0/4","NONE",""
"40","SIN","VAR","VAR","VAR","VAR","4/4","FULL","tests/test01_print_A.uxm; tests/test10_sin_scaled.uxm"
"41","COS","VAR","VAR","VAR","VAR","4/4","FULL",""
"42","TAN","VAR","VAR","VAR","VAR","4/4","FULL",""
"43","HYPOT","VAR","VAR","VAR","VAR","4/4","FULL","tests/test11_hypotenuse.uxm"
"44","ASIN","VAR","VAR","VAR","VAR","4/4","FULL",""
"45","ACOS","VAR","VAR","VAR","VAR","4/4","FULL",""
"46","SQRT","VAR","VAR","VAR","VAR","4/4","FULL",""
"47","SINH","VAR","VAR","VAR","VAR","4/4","FULL",""
"48","COSH","VAR","VAR","VAR","VAR","4/4","FULL",""
"49","TANH","VAR","VAR","VAR","VAR","4/4","FULL",""
"50","Reserved/User/Planned","YOK","YOK","YOK","YOK","0/4","NONE",""
"51","Reserved/User/Planned","YOK","YOK","YOK","YOK","0/4","NONE",""
"52","ASINH","VAR","YOK","YOK","YOK","1/4","PARTIAL",""
"53","ACOSH","VAR","YOK","YOK","YOK","1/4","PARTIAL",""
"54","ATANH","VAR","YOK","YOK","YOK","1/4","PARTIAL",""
"55","LOG","VAR","YOK","YOK","YOK","1/4","PARTIAL",""
"56","EXP","VAR","YOK","YOK","YOK","1/4","PARTIAL",""
"57","POW","VAR","YOK","YOK","YOK","1/4","PARTIAL",""
"58","DEG_TO_RAD","VAR","YOK","YOK","YOK","1/4","PARTIAL",""
"59","RAD_TO_DEG","VAR","YOK","YOK","YOK","1/4","PARTIAL",""
"60","PRINT ARG2","VAR","VAR","VAR","VAR","4/4","FULL",""
"61","PRINT RESULT","VAR","VAR","VAR","VAR","4/4","FULL","tests/test01_print_A.uxm; tests/test05_meta_add.uxm; tests/test06_dynamic_meta_mul.uxm; tests/test09_div_mod.uxm; tests/test10_sin_scaled.uxm"
"62","PRINT STACK POP","VAR","VAR","VAR","VAR","4/4","FULL","tests/test51_meta_print_stack_pop.uxm"
"63","READ DECIMAL","VAR","VAR","VAR","VAR","4/4","FULL",""
"64","PRINT SPACE","VAR","VAR","VAR","VAR","4/4","FULL",""
"65","Reserved/User/Planned","YOK","YOK","YOK","YOK","0/4","NONE",""
"66","Reserved/User/Planned","YOK","YOK","YOK","YOK","0/4","NONE",""
"67","PRINT HEX","VAR","VAR","VAR","VAR","4/4","FULL","tests/test52_meta_print_hex.uxm"
"68","PRINT BIN","VAR","VAR","VAR","VAR","4/4","FULL","tests/test53_meta_print_bin.uxm"
"69","PRINT CHAR/RAW","VAR","VAR","VAR","VAR","4/4","FULL","tests/test54_meta_print_char_raw.uxm"
"70","Reserved/User/Planned","YOK","YOK","YOK","YOK","0/4","NONE",""
"71","Reserved/User/Planned","YOK","YOK","YOK","YOK","0/4","NONE",""
"72","Reserved/User/Planned","YOK","YOK","YOK","YOK","0/4","NONE",""
"73","Reserved/User/Planned","YOK","YOK","YOK","YOK","0/4","NONE",""
"74","Reserved/User/Planned","YOK","YOK","YOK","YOK","0/4","NONE",""
"75","Reserved/User/Planned","YOK","YOK","YOK","YOK","0/4","NONE",""
"76","Reserved/User/Planned","YOK","YOK","YOK","YOK","0/4","NONE",""
"77","Reserved/User/Planned","YOK","YOK","YOK","YOK","0/4","NONE",""
"78","Reserved/User/Planned","YOK","YOK","YOK","YOK","0/4","NONE",""
"79","Reserved/User/Planned","YOK","YOK","YOK","YOK","0/4","NONE",""
"80","SET POINTER","VAR","VAR","VAR","VAR","4/4","FULL","tests/test18_pointer_service.uxm"
"81","ADD POINTER","VAR","VAR","VAR","VAR","4/4","FULL","tests/test45_pointer_meta_extended.uxm"
"82","GET POINTER","VAR","VAR","VAR","VAR","4/4","FULL","tests/test45_pointer_meta_extended.uxm"
"83","POINTER VALID","VAR","VAR","VAR","VAR","4/4","FULL","tests/test45_pointer_meta_extended.uxm"
"84","TAPE CELLS","VAR","VAR","VAR","VAR","4/4","FULL","tests/test32_wild_layout_change.uxm"
"85","DATA CELLS","VAR","VAR","VAR","VAR","4/4","FULL","tests/test45_pointer_meta_extended.uxm"
"86","STACK CELLS","VAR","VAR","VAR","VAR","4/4","FULL","tests/test45_pointer_meta_extended.uxm"
"87","CELL BITS","VAR","VAR","VAR","VAR","4/4","FULL","tests/test45_pointer_meta_extended.uxm"
"88","CELL BYTES","VAR","VAR","VAR","VAR","4/4","FULL","tests/test45_pointer_meta_extended.uxm"
"89","PRINT LAYOUT","VAR","VAR","VAR","VAR","4/4","FULL",""
"90","FIFO PUSH","VAR","VAR","VAR","VAR","4/4","FULL","tests/test20_fifo_char_order.uxm; tests/test21_fifo_count_peek.uxm"
"91","FIFO POP","VAR","VAR","VAR","VAR","4/4","FULL","tests/test20_fifo_char_order.uxm"
"92","FIFO PEEK","VAR","VAR","VAR","VAR","4/4","FULL","tests/test21_fifo_count_peek.uxm"
"93","FIFO COUNT","VAR","VAR","VAR","VAR","4/4","FULL","tests/test21_fifo_count_peek.uxm"
"94","FIFO CLEAR","VAR","VAR","VAR","VAR","4/4","FULL","tests/test46_fifo_clear.uxm"
"95","DATA READ","VAR","VAR","VAR","VAR","4/4","FULL","tests/test22_data_write_read_char.uxm; tests/test24_data_block_copy_print.uxm; tests/test25_data_sort_ascending.uxm; tests/test34_data_block_clear.uxm"
"96","DATA WRITE","VAR","VAR","VAR","VAR","4/4","FULL","tests/test22_data_write_read_char.uxm; tests/test25_data_sort_ascending.uxm"
"97","DATA DIGIT","VAR","VAR","VAR","VAR","4/4","FULL","tests/test23_data_digit_ascii_to_number.uxm"
"98","DATA BLOCK COPY","VAR","VAR","VAR","VAR","4/4","FULL","tests/test24_data_block_copy_print.uxm"
"99","DATA BLOCK CLEAR","VAR","VAR","VAR","VAR","4/4","FULL","tests/test34_data_block_clear.uxm"
"100","TAPE SORT ASC","VAR","VAR","VAR","VAR","4/4","FULL","tests/test47_tape_sort_ascending.uxm"
"101","TAPE SORT DESC","VAR","VAR","VAR","VAR","4/4","FULL","tests/test26_tape_sort_descending_chars.uxm"
"102","DATA SORT ASC","VAR","VAR","VAR","VAR","4/4","FULL","tests/test25_data_sort_ascending.uxm"
"103","DATA SORT DESC","VAR","VAR","VAR","VAR","4/4","FULL","tests/test48_data_sort_descending.uxm"
"104","TAPE SEARCH","VAR","VAR","VAR","VAR","4/4","FULL","tests/test27_tape_linear_search.uxm"
"105","DATA SEARCH","VAR","VAR","VAR","VAR","4/4","FULL","tests/test49_data_linear_search.uxm"
"106","TAPE BLOCK COPY","VAR","VAR","VAR","VAR","4/4","FULL","tests/test50_tape_block_copy_clear.uxm"
"107","TAPE BLOCK CLEAR","VAR","VAR","VAR","VAR","4/4","FULL","tests/test50_tape_block_copy_clear.uxm"
"108","Reserved/User/Planned","YOK","YOK","YOK","YOK","0/4","NONE",""
"109","Reserved/User/Planned","YOK","YOK","YOK","YOK","0/4","NONE",""
"110","Reserved/User/Planned","YOK","YOK","YOK","YOK","0/4","NONE",""
"111","Reserved/User/Planned","YOK","YOK","YOK","YOK","0/4","NONE",""
"112","Reserved/User/Planned","YOK","YOK","YOK","YOK","0/4","NONE",""
"113","Reserved/User/Planned","YOK","YOK","YOK","YOK","0/4","NONE",""
"114","Reserved/User/Planned","YOK","YOK","YOK","YOK","0/4","NONE",""
"115","Reserved/User/Planned","YOK","YOK","YOK","YOK","0/4","NONE",""
"116","Reserved/User/Planned","YOK","YOK","YOK","YOK","0/4","NONE",""
"117","Reserved/User/Planned","YOK","YOK","YOK","YOK","0/4","NONE",""
"118","Reserved/User/Planned","YOK","YOK","YOK","YOK","0/4","NONE",""
"119","Reserved/User/Planned","YOK","YOK","YOK","YOK","0/4","NONE",""
"120","UNSIGNED MODE","VAR","VAR","VAR","VAR","4/4","FULL",""
"121","SIGNED MODE","VAR","VAR","VAR","VAR","4/4","FULL","tests/test12_signed_mode.uxm"
"122","SIGNED QUERY","VAR","YOK","VAR","VAR","3/4","PARTIAL",""
"123","LITTLE ENDIAN","VAR","YOK","VAR","VAR","3/4","PARTIAL",""
"124","BIG ENDIAN","VAR","YOK","VAR","VAR","3/4","PARTIAL",""
"125","ENDIAN QUERY","VAR","YOK","VAR","VAR","3/4","PARTIAL",""
"126","FLAGS QUERY","VAR","VAR","VAR","VAR","4/4","FULL",""
"127","WILD LAYOUT CHANGE","VAR","YOK","VAR","VAR","3/4","PARTIAL","tests/test31_safe_mode_wild_denied.uxm; tests/test32_wild_layout_change.uxm"
"128","Reserved/User/Planned","YOK","YOK","YOK","YOK","0/4","NONE","tests/test07_macro.uxm; tests/test29_nested_macro_call.uxm"
"129","Reserved/User/Planned","YOK","YOK","YOK","YOK","0/4","NONE","tests/test29_nested_macro_call.uxm"
"130","Reserved/User/Planned","YOK","YOK","YOK","YOK","0/4","NONE",""
"131","Reserved/User/Planned","YOK","YOK","YOK","YOK","0/4","NONE",""
"132","Reserved/User/Planned","YOK","YOK","YOK","YOK","0/4","NONE",""
"133","Reserved/User/Planned","YOK","YOK","YOK","YOK","0/4","NONE",""
"134","Reserved/User/Planned","YOK","YOK","YOK","YOK","0/4","NONE",""
"135","Reserved/User/Planned","YOK","YOK","YOK","YOK","0/4","NONE",""
"136","Reserved/User/Planned","YOK","YOK","YOK","YOK","0/4","NONE",""
"137","Reserved/User/Planned","YOK","YOK","YOK","YOK","0/4","NONE",""
"138","Reserved/User/Planned","YOK","YOK","YOK","YOK","0/4","NONE",""
"139","Reserved/User/Planned","YOK","YOK","YOK","YOK","0/4","NONE",""
"140","Reserved/User/Planned","YOK","YOK","YOK","YOK","0/4","NONE",""
"141","Reserved/User/Planned","YOK","YOK","YOK","YOK","0/4","NONE",""
"142","Reserved/User/Planned","YOK","YOK","YOK","YOK","0/4","NONE",""
"143","Reserved/User/Planned","YOK","YOK","YOK","YOK","0/4","NONE",""
"144","Reserved/User/Planned","YOK","YOK","YOK","YOK","0/4","NONE",""
"145","Reserved/User/Planned","YOK","YOK","YOK","YOK","0/4","NONE",""
"146","Reserved/User/Planned","YOK","YOK","YOK","YOK","0/4","NONE",""
"147","Reserved/User/Planned","YOK","YOK","YOK","YOK","0/4","NONE",""
"148","Reserved/User/Planned","YOK","YOK","YOK","YOK","0/4","NONE",""
"149","Reserved/User/Planned","YOK","YOK","YOK","YOK","0/4","NONE",""
"150","Reserved/User/Planned","YOK","YOK","YOK","YOK","0/4","NONE",""
"151","Reserved/User/Planned","YOK","YOK","YOK","YOK","0/4","NONE",""
"152","Reserved/User/Planned","YOK","YOK","YOK","YOK","0/4","NONE",""
"153","Reserved/User/Planned","YOK","YOK","YOK","YOK","0/4","NONE","tests/test17_endian_word_split.uxm"
"154","Reserved/User/Planned","YOK","YOK","YOK","YOK","0/4","NONE",""
"155","Reserved/User/Planned","YOK","YOK","YOK","YOK","0/4","NONE",""
"156","Reserved/User/Planned","YOK","YOK","YOK","YOK","0/4","NONE",""
"157","Reserved/User/Planned","YOK","YOK","YOK","YOK","0/4","NONE",""
"158","Reserved/User/Planned","YOK","YOK","YOK","YOK","0/4","NONE",""
"159","Reserved/User/Planned","YOK","YOK","YOK","YOK","0/4","NONE",""
"160","MAT_INIT","VAR","YOK","YOK","YOK","1/4","PARTIAL","tests_matrix/test_matrix01_init_set_print.uxm"
"161","MAT_CLEAR","VAR","YOK","YOK","YOK","1/4","PARTIAL",""
"162","MAT_SET","VAR","YOK","YOK","YOK","1/4","PARTIAL","tests_matrix/test_matrix01_init_set_print.uxm"
"163","MAT_GET","VAR","YOK","YOK","YOK","1/4","PARTIAL",""
"164","MAT_FILL","VAR","YOK","YOK","YOK","1/4","PARTIAL",""
"165","MAT_COPY","VAR","YOK","YOK","YOK","1/4","PARTIAL",""
"166","MAT_PRINT","VAR","YOK","YOK","YOK","1/4","PARTIAL","tests_matrix/test_matrix01_init_set_print.uxm; tests_matrix/test_matrix02_add_2x2.uxm; tests_matrix/test_matrix03_mul_2x2.uxm; tests_matrix/test_matrix04_identity_trace_det2.uxm; tests_matrix/_tmp_det_debug.uxm"
"167","MAT_ADD","VAR","YOK","YOK","YOK","1/4","PARTIAL","tests_matrix/test_matrix02_add_2x2.uxm"
"168","MAT_SUB","VAR","YOK","YOK","YOK","1/4","PARTIAL",""
"169","MAT_SCALAR_MUL","VAR","YOK","YOK","YOK","1/4","PARTIAL",""
"170","MAT_MUL","VAR","YOK","YOK","YOK","1/4","PARTIAL","tests_matrix/test_matrix03_mul_2x2.uxm"
"171","MAT_TRANSPOSE_COPY","VAR","YOK","YOK","YOK","1/4","PARTIAL",""
"172","MAT_IDENTITY","VAR","YOK","YOK","YOK","1/4","PARTIAL","tests_matrix/test_matrix04_identity_trace_det2.uxm"
"173","MAT_TRACE","VAR","YOK","YOK","YOK","1/4","PARTIAL","tests_matrix/test_matrix04_identity_trace_det2.uxm"
"174","MAT_SHAPE","VAR","YOK","YOK","YOK","1/4","PARTIAL",""
"175","MAT_DET2","VAR","YOK","YOK","YOK","1/4","PARTIAL","tests_matrix/test_matrix04_identity_trace_det2.uxm; tests_matrix/_tmp_det_debug.uxm"
"176","MAT_PRINT_RAW","VAR","YOK","YOK","YOK","1/4","PARTIAL",""
"177","Reserved/User/Planned","YOK","YOK","YOK","YOK","0/4","NONE",""
"178","Reserved/User/Planned","YOK","YOK","YOK","YOK","0/4","NONE",""
"179","Reserved/User/Planned","YOK","YOK","YOK","YOK","0/4","NONE",""
"180","Reserved/User/Planned","YOK","YOK","YOK","YOK","0/4","NONE",""
"181","Reserved/User/Planned","YOK","YOK","YOK","YOK","0/4","NONE",""
"182","Reserved/User/Planned","YOK","YOK","YOK","YOK","0/4","NONE",""
"183","Reserved/User/Planned","YOK","YOK","YOK","YOK","0/4","NONE",""
"184","Reserved/User/Planned","YOK","YOK","YOK","YOK","0/4","NONE",""
"185","Reserved/User/Planned","YOK","YOK","YOK","YOK","0/4","NONE","tests/test16_data_digit.uxm"
"186","Reserved/User/Planned","YOK","YOK","YOK","YOK","0/4","NONE",""
"187","Reserved/User/Planned","YOK","YOK","YOK","YOK","0/4","NONE",""
"188","Reserved/User/Planned","YOK","YOK","YOK","YOK","0/4","NONE",""
"189","Reserved/User/Planned","YOK","YOK","YOK","YOK","0/4","NONE",""
"190","Reserved/User/Planned","YOK","YOK","YOK","YOK","0/4","NONE",""
"191","Reserved/User/Planned","YOK","YOK","YOK","YOK","0/4","NONE",""
"192","Reserved/User/Planned","YOK","YOK","YOK","YOK","0/4","NONE",""
"193","Reserved/User/Planned","YOK","YOK","YOK","YOK","0/4","NONE",""
"194","Reserved/User/Planned","YOK","YOK","YOK","YOK","0/4","NONE",""
"195","Reserved/User/Planned","YOK","YOK","YOK","YOK","0/4","NONE",""
"196","Reserved/User/Planned","YOK","YOK","YOK","YOK","0/4","NONE",""
"197","Reserved/User/Planned","YOK","YOK","YOK","YOK","0/4","NONE",""
"198","Reserved/User/Planned","YOK","YOK","YOK","YOK","0/4","NONE",""
"199","Reserved/User/Planned","YOK","YOK","YOK","YOK","0/4","NONE",""
"200","FP_INIT16","VAR","YOK","YOK","YOK","1/4","PARTIAL","tests_fp/test_fp01_add_int.uxm; tests_fp/test_fp02_sub_int.uxm; tests_fp/test_fp03_mul_int.uxm; tests_fp/test_fp04_div_int.uxm; tests_fp/test_fp05_from_string.uxm"
"201","FP_INIT32","VAR","YOK","YOK","YOK","1/4","PARTIAL",""
"202","FP_ZERO","VAR","YOK","YOK","YOK","1/4","PARTIAL",""
"203","FP_COPY","VAR","YOK","YOK","YOK","1/4","PARTIAL",""
"204","FP_NORMALIZE","VAR","YOK","YOK","YOK","1/4","PARTIAL",""
"205","Reserved/User/Planned","YOK","YOK","YOK","YOK","0/4","NONE",""
"206","Reserved/User/Planned","YOK","YOK","YOK","YOK","0/4","NONE",""
"207","Reserved/User/Planned","YOK","YOK","YOK","YOK","0/4","NONE",""
"208","Reserved/User/Planned","YOK","YOK","YOK","YOK","0/4","NONE",""
"209","FP_DEBUG_PRINT","VAR","YOK","YOK","YOK","1/4","PARTIAL",""
"210","FP_ADD","VAR","YOK","YOK","YOK","1/4","PARTIAL","tests_fp/test_fp01_add_int.uxm; tests_fp/test_fp06_add_dec_string.uxm"
"211","FP_SUB","VAR","YOK","YOK","YOK","1/4","PARTIAL","tests_fp/test_fp02_sub_int.uxm"
"212","FP_MUL","VAR","YOK","YOK","YOK","1/4","PARTIAL","tests_fp/test_fp03_mul_int.uxm"
"213","FP_DIV","VAR","YOK","YOK","YOK","1/4","PARTIAL","tests_fp/test_fp04_div_int.uxm"
"214","FP_COMPARE","VAR","YOK","YOK","YOK","1/4","PARTIAL",""
"215","FP_ABS","VAR","YOK","YOK","YOK","1/4","PARTIAL",""
"216","FP_NEG","VAR","YOK","YOK","YOK","1/4","PARTIAL",""
"217","FP_ROUND16","VAR","YOK","YOK","YOK","1/4","PARTIAL",""
"218","FP_ROUND32","VAR","YOK","YOK","YOK","1/4","PARTIAL",""
"219","FP_TRUNC","VAR","YOK","YOK","YOK","1/4","PARTIAL",""
"220","FP_FROM_INT","VAR","YOK","YOK","YOK","1/4","PARTIAL","tests_fp/test_fp01_add_int.uxm; tests_fp/test_fp02_sub_int.uxm; tests_fp/test_fp03_mul_int.uxm; tests_fp/test_fp04_div_int.uxm"
"221","FP_FROM_DEC_STRING","VAR","YOK","YOK","YOK","1/4","PARTIAL","tests_fp/test_fp05_from_string.uxm; tests_fp/test_fp06_add_dec_string.uxm"
"222","FP_TO_DEC_STRING","VAR","YOK","YOK","YOK","1/4","PARTIAL",""
"223","FP_PRINT_DEC","VAR","YOK","YOK","YOK","1/4","PARTIAL","tests_fp/test_fp01_add_int.uxm; tests_fp/test_fp02_sub_int.uxm; tests_fp/test_fp03_mul_int.uxm; tests_fp/test_fp04_div_int.uxm; tests_fp/test_fp05_from_string.uxm"
"224","FP_SCALE10","VAR","YOK","YOK","YOK","1/4","PARTIAL",""
"225","Reserved/User/Planned","YOK","YOK","YOK","YOK","0/4","NONE",""
"226","Reserved/User/Planned","YOK","YOK","YOK","YOK","0/4","NONE",""
"227","Reserved/User/Planned","YOK","YOK","YOK","YOK","0/4","NONE",""
"228","Reserved/User/Planned","YOK","YOK","YOK","YOK","0/4","NONE",""
"229","Reserved/User/Planned","YOK","YOK","YOK","YOK","0/4","NONE",""
"230","FP_RESERVED/BRIDGE","VAR","YOK","YOK","YOK","1/4","PARTIAL",""
"231","FP_RESERVED/BRIDGE","VAR","YOK","YOK","YOK","1/4","PARTIAL",""
"232","FP_RESERVED/BRIDGE","VAR","YOK","YOK","YOK","1/4","PARTIAL",""
"233","FP_RESERVED/BRIDGE","VAR","YOK","YOK","YOK","1/4","PARTIAL",""
"234","FP_RESERVED/BRIDGE","VAR","YOK","YOK","YOK","1/4","PARTIAL",""
"235","Reserved/User/Planned","YOK","YOK","YOK","YOK","0/4","NONE",""
"236","Reserved/User/Planned","YOK","YOK","YOK","YOK","0/4","NONE",""
"237","Reserved/User/Planned","YOK","YOK","YOK","YOK","0/4","NONE",""
"238","Reserved/User/Planned","YOK","YOK","YOK","YOK","0/4","NONE",""
"239","Reserved/User/Planned","YOK","YOK","YOK","YOK","0/4","NONE",""
"240","POLY_DERIV","VAR","YOK","YOK","YOK","1/4","PARTIAL","math_extensions/tests_math/test_math01_poly_deriv_arge.uxm"
"241","POLY_INTEGRAL","VAR","YOK","YOK","YOK","1/4","PARTIAL","math_extensions/tests_math/test_math02_poly_integral_arge.uxm"
"242","POLY_EVAL","VAR","YOK","YOK","YOK","1/4","PARTIAL","math_extensions/tests_math/test_math03_poly_eval_arge.uxm"
"243","POLY_PRINT","VAR","YOK","YOK","YOK","1/4","PARTIAL","math_extensions/tests_math/test_math01_poly_deriv_arge.uxm; math_extensions/tests_math/test_math02_poly_integral_arge.uxm"
"244","POLY_CLEAR","VAR","YOK","YOK","YOK","1/4","PARTIAL",""
"245","Reserved/User/Planned","YOK","YOK","YOK","YOK","0/4","NONE",""
"246","Reserved/User/Planned","YOK","YOK","YOK","YOK","0/4","NONE",""
"247","Reserved/User/Planned","YOK","YOK","YOK","YOK","0/4","NONE",""
"248","Reserved/User/Planned","YOK","YOK","YOK","YOK","0/4","NONE",""
"249","Reserved/User/Planned","YOK","YOK","YOK","YOK","0/4","NONE",""
"250","EXPR_EVAL","VAR","YOK","YOK","YOK","1/4","PARTIAL","math_extensions/tests_math/test_math04_expr_rpn_eval.uxm"
"251","NUM_DERIV","VAR","YOK","YOK","YOK","1/4","PARTIAL","math_extensions/tests_math/test_math05_num_deriv.uxm"
"252","NUM_INTEGRAL_TRAP","VAR","YOK","YOK","YOK","1/4","PARTIAL","math_extensions/tests_math/test_math06_integral_trap.uxm"
"253","NUM_INTEGRAL_SIMPSON","VAR","YOK","YOK","YOK","1/4","PARTIAL","math_extensions/tests_math/test_math07_integral_simpson.uxm"
"254","EXPR_PRINT_RPN","VAR","YOK","YOK","YOK","1/4","PARTIAL",""
"255","Reserved/User/Planned","YOK","YOK","YOK","YOK","0/4","NONE",""
"260","UX-STAT reserved","YOK","YOK","YOK","YOK","0/4","NONE",""
"261","UX-STAT reserved","YOK","YOK","YOK","YOK","0/4","NONE",""
"262","UX-STAT reserved","YOK","YOK","YOK","YOK","0/4","NONE",""
"263","UX-STAT reserved","YOK","YOK","YOK","YOK","0/4","NONE",""
"264","UX-STAT reserved","YOK","YOK","YOK","YOK","0/4","NONE",""
"265","UX-STAT reserved","YOK","YOK","YOK","YOK","0/4","NONE",""
"266","UX-STAT reserved","YOK","YOK","YOK","YOK","0/4","NONE",""
"267","UX-STAT reserved","YOK","YOK","YOK","YOK","0/4","NONE",""
"268","UX-STAT reserved","YOK","YOK","YOK","YOK","0/4","NONE",""
"269","UX-STAT reserved","YOK","YOK","YOK","YOK","0/4","NONE",""
"270","UX-STAT reserved","YOK","YOK","YOK","YOK","0/4","NONE",""
"271","UX-STAT reserved","YOK","YOK","YOK","YOK","0/4","NONE",""
"272","UX-STAT reserved","YOK","YOK","YOK","YOK","0/4","NONE",""
"273","UX-STAT reserved","YOK","YOK","YOK","YOK","0/4","NONE",""
"274","UX-STAT reserved","YOK","YOK","YOK","YOK","0/4","NONE",""
"275","UX-STAT reserved","YOK","YOK","YOK","YOK","0/4","NONE",""
"276","UX-STAT reserved","YOK","YOK","YOK","YOK","0/4","NONE",""
"277","UX-STAT reserved","YOK","YOK","YOK","YOK","0/4","NONE",""
"278","UX-STAT reserved","YOK","YOK","YOK","YOK","0/4","NONE",""
"279","UX-STAT reserved","YOK","YOK","YOK","YOK","0/4","NONE",""
"280","UX-STAT reserved","YOK","YOK","YOK","YOK","0/4","NONE",""
"281","UX-STAT reserved","YOK","YOK","YOK","YOK","0/4","NONE",""
"282","UX-STAT reserved","YOK","YOK","YOK","YOK","0/4","NONE",""
"283","UX-STAT reserved","YOK","YOK","YOK","YOK","0/4","NONE",""
"284","UX-STAT reserved","YOK","YOK","YOK","YOK","0/4","NONE",""
"285","UX-STAT reserved","YOK","YOK","YOK","YOK","0/4","NONE",""
"286","UX-STAT reserved","YOK","YOK","YOK","YOK","0/4","NONE",""
"287","UX-STAT reserved","YOK","YOK","YOK","YOK","0/4","NONE",""
"288","UX-STAT reserved","YOK","YOK","YOK","YOK","0/4","NONE",""
"289","UX-STAT reserved","YOK","YOK","YOK","YOK","0/4","NONE",""
"290","UX-GA reserved","YOK","YOK","YOK","YOK","0/4","NONE",""
"291","UX-GA reserved","YOK","YOK","YOK","YOK","0/4","NONE",""
"292","UX-GA reserved","YOK","YOK","YOK","YOK","0/4","NONE",""
"293","UX-GA reserved","YOK","YOK","YOK","YOK","0/4","NONE",""
"294","UX-GA reserved","YOK","YOK","YOK","YOK","0/4","NONE",""
"295","UX-GA reserved","YOK","YOK","YOK","YOK","0/4","NONE",""
"296","UX-GA reserved","YOK","YOK","YOK","YOK","0/4","NONE",""
"297","UX-GA reserved","YOK","YOK","YOK","YOK","0/4","NONE",""
"298","UX-GA reserved","YOK","YOK","YOK","YOK","0/4","NONE",""
"299","UX-GA reserved","YOK","YOK","YOK","YOK","0/4","NONE",""
"300","UX-GA reserved","YOK","YOK","YOK","YOK","0/4","NONE",""
"301","UX-GA reserved","YOK","YOK","YOK","YOK","0/4","NONE",""
"302","UX-GA reserved","YOK","YOK","YOK","YOK","0/4","NONE",""
"303","UX-GA reserved","YOK","YOK","YOK","YOK","0/4","NONE",""
"304","UX-GA reserved","YOK","YOK","YOK","YOK","0/4","NONE",""
"305","UX-GA reserved","YOK","YOK","YOK","YOK","0/4","NONE",""
"306","UX-GA reserved","YOK","YOK","YOK","YOK","0/4","NONE",""
"307","UX-GA reserved","YOK","YOK","YOK","YOK","0/4","NONE",""
"308","UX-GA reserved","YOK","YOK","YOK","YOK","0/4","NONE",""
"309","UX-GA reserved","YOK","YOK","YOK","YOK","0/4","NONE",""
"310","UX-GA reserved","YOK","YOK","YOK","YOK","0/4","NONE",""
"311","UX-GA reserved","YOK","YOK","YOK","YOK","0/4","NONE",""
"312","UX-GA reserved","YOK","YOK","YOK","YOK","0/4","NONE",""
"313","UX-GA reserved","YOK","YOK","YOK","YOK","0/4","NONE",""
"314","UX-GA reserved","YOK","YOK","YOK","YOK","0/4","NONE",""
"315","UX-GA reserved","YOK","YOK","YOK","YOK","0/4","NONE",""
"316","UX-GA reserved","YOK","YOK","YOK","YOK","0/4","NONE",""
"317","UX-GA reserved","YOK","YOK","YOK","YOK","0/4","NONE",""
"318","UX-GA reserved","YOK","YOK","YOK","YOK","0/4","NONE",""
"319","UX-GA reserved","YOK","YOK","YOK","YOK","0/4","NONE",""
"320","UX-ML reserved","YOK","YOK","YOK","YOK","0/4","NONE",""
"321","UX-ML reserved","YOK","YOK","YOK","YOK","0/4","NONE",""
"322","UX-ML reserved","YOK","YOK","YOK","YOK","0/4","NONE",""
"323","UX-ML reserved","YOK","YOK","YOK","YOK","0/4","NONE",""
"324","UX-ML reserved","YOK","YOK","YOK","YOK","0/4","NONE",""
"325","UX-ML reserved","YOK","YOK","YOK","YOK","0/4","NONE",""
"326","UX-ML reserved","YOK","YOK","YOK","YOK","0/4","NONE",""
"327","UX-ML reserved","YOK","YOK","YOK","YOK","0/4","NONE",""
"328","UX-ML reserved","YOK","YOK","YOK","YOK","0/4","NONE",""
"329","UX-ML reserved","YOK","YOK","YOK","YOK","0/4","NONE",""
"330","UX-ML reserved","YOK","YOK","YOK","YOK","0/4","NONE",""
"331","UX-ML reserved","YOK","YOK","YOK","YOK","0/4","NONE",""
"332","UX-ML reserved","YOK","YOK","YOK","YOK","0/4","NONE",""
"333","UX-ML reserved","YOK","YOK","YOK","YOK","0/4","NONE",""
"334","UX-ML reserved","YOK","YOK","YOK","YOK","0/4","NONE",""
"335","UX-ML reserved","YOK","YOK","YOK","YOK","0/4","NONE",""
"336","UX-ML reserved","YOK","YOK","YOK","YOK","0/4","NONE",""
"337","UX-ML reserved","YOK","YOK","YOK","YOK","0/4","NONE",""
"338","UX-ML reserved","YOK","YOK","YOK","YOK","0/4","NONE",""
"339","UX-ML reserved","YOK","YOK","YOK","YOK","0/4","NONE",""
"340","UX-ML reserved","YOK","YOK","YOK","YOK","0/4","NONE",""
"341","UX-ML reserved","YOK","YOK","YOK","YOK","0/4","NONE",""
"342","UX-ML reserved","YOK","YOK","YOK","YOK","0/4","NONE",""
"343","UX-ML reserved","YOK","YOK","YOK","YOK","0/4","NONE",""
"344","UX-ML reserved","YOK","YOK","YOK","YOK","0/4","NONE",""
"345","UX-ML reserved","YOK","YOK","YOK","YOK","0/4","NONE",""
"346","UX-ML reserved","YOK","YOK","YOK","YOK","0/4","NONE",""
"347","UX-ML reserved","YOK","YOK","YOK","YOK","0/4","NONE",""
"348","UX-ML reserved","YOK","YOK","YOK","YOK","0/4","NONE",""
"349","UX-ML reserved","YOK","YOK","YOK","YOK","0/4","NONE",""
"350","UX-BIO reserved","YOK","YOK","YOK","YOK","0/4","NONE",""
"351","UX-BIO reserved","YOK","YOK","YOK","YOK","0/4","NONE",""
"352","UX-BIO reserved","YOK","YOK","YOK","YOK","0/4","NONE",""
"353","UX-BIO reserved","YOK","YOK","YOK","YOK","0/4","NONE",""
"354","UX-BIO reserved","YOK","YOK","YOK","YOK","0/4","NONE",""
"355","UX-BIO reserved","YOK","YOK","YOK","YOK","0/4","NONE",""
"356","UX-BIO reserved","YOK","YOK","YOK","YOK","0/4","NONE",""
"357","UX-BIO reserved","YOK","YOK","YOK","YOK","0/4","NONE",""
"358","UX-BIO reserved","YOK","YOK","YOK","YOK","0/4","NONE",""
"359","UX-BIO reserved","YOK","YOK","YOK","YOK","0/4","NONE",""
"360","UX-BIO reserved","YOK","YOK","YOK","YOK","0/4","NONE",""
"361","UX-BIO reserved","YOK","YOK","YOK","YOK","0/4","NONE",""
"362","UX-BIO reserved","YOK","YOK","YOK","YOK","0/4","NONE",""
"363","UX-BIO reserved","YOK","YOK","YOK","YOK","0/4","NONE",""
"364","UX-BIO reserved","YOK","YOK","YOK","YOK","0/4","NONE",""
"365","UX-BIO reserved","YOK","YOK","YOK","YOK","0/4","NONE",""
"366","UX-BIO reserved","YOK","YOK","YOK","YOK","0/4","NONE",""
"367","UX-BIO reserved","YOK","YOK","YOK","YOK","0/4","NONE",""
"368","UX-BIO reserved","YOK","YOK","YOK","YOK","0/4","NONE",""
"369","UX-BIO reserved","YOK","YOK","YOK","YOK","0/4","NONE",""
"370","UX-BIO reserved","YOK","YOK","YOK","YOK","0/4","NONE",""
"371","UX-BIO reserved","YOK","YOK","YOK","YOK","0/4","NONE",""
"372","UX-BIO reserved","YOK","YOK","YOK","YOK","0/4","NONE",""
"373","UX-BIO reserved","YOK","YOK","YOK","YOK","0/4","NONE",""
"374","UX-BIO reserved","YOK","YOK","YOK","YOK","0/4","NONE",""
"375","UX-BIO reserved","YOK","YOK","YOK","YOK","0/4","NONE",""
"376","UX-BIO reserved","YOK","YOK","YOK","YOK","0/4","NONE",""
"377","UX-BIO reserved","YOK","YOK","YOK","YOK","0/4","NONE",""
"378","UX-BIO reserved","YOK","YOK","YOK","YOK","0/4","NONE",""
"379","UX-BIO reserved","YOK","YOK","YOK","YOK","0/4","NONE",""
"380","UX-SIM reserved","YOK","YOK","YOK","YOK","0/4","NONE",""
"381","UX-SIM reserved","YOK","YOK","YOK","YOK","0/4","NONE",""
"382","UX-SIM reserved","YOK","YOK","YOK","YOK","0/4","NONE",""
"383","UX-SIM reserved","YOK","YOK","YOK","YOK","0/4","NONE",""
"384","UX-SIM reserved","YOK","YOK","YOK","YOK","0/4","NONE",""
"385","UX-SIM reserved","YOK","YOK","YOK","YOK","0/4","NONE",""
"386","UX-SIM reserved","YOK","YOK","YOK","YOK","0/4","NONE",""
"387","UX-SIM reserved","YOK","YOK","YOK","YOK","0/4","NONE",""
"388","UX-SIM reserved","YOK","YOK","YOK","YOK","0/4","NONE",""
"389","UX-SIM reserved","YOK","YOK","YOK","YOK","0/4","NONE",""
"390","UX-SIM reserved","YOK","YOK","YOK","YOK","0/4","NONE",""
"391","UX-SIM reserved","YOK","YOK","YOK","YOK","0/4","NONE",""
"392","UX-SIM reserved","YOK","YOK","YOK","YOK","0/4","NONE",""
"393","UX-SIM reserved","YOK","YOK","YOK","YOK","0/4","NONE",""
"394","UX-SIM reserved","YOK","YOK","YOK","YOK","0/4","NONE",""
"395","UX-SIM reserved","YOK","YOK","YOK","YOK","0/4","NONE",""
"396","UX-SIM reserved","YOK","YOK","YOK","YOK","0/4","NONE",""
"397","UX-SIM reserved","YOK","YOK","YOK","YOK","0/4","NONE",""
"398","UX-SIM reserved","YOK","YOK","YOK","YOK","0/4","NONE",""
"399","UX-SIM reserved","YOK","YOK","YOK","YOK","0/4","NONE",""
